{
    "world": {
        "size_x": 10,
        "size_y": 10,
        "size_z": 10
    },
    "buildings": [
        {
            "x": 1,
            "y": 1,
            "width": 2,
            "depth": 2,
            "height": 5
        },
        {
            "x": 5,
            "y": 5,
            "width": 1.5,
            "depth": 1.5,
            "height": 7
        },
        {
            "x": 3,
            "y": 7,
            "width": 1,
            "depth": 2,
            "height": 3
        }
    ],
    "drones": [
        {
            "x": 1.4058886993676423,
            "y": 4.082353230006994,
            "z": 1.8349110875278705,
            "team": "red"
        },
        {
            "x": 9.498915250599374,
            "y": 9.567484089732174,
            "z": 0,
            "team": "blue"
        }
    ],
    "timestamp": "2025-04-26T23:22:05.643061",
    "simulation_step": 316
}